country_region_code,country_region,sub_region_1,iso_3166_2_code,date,retail,grocery,parks,transit,work,home
IT,Italy,,,2/15/20,3,-1,35,9,0,-1
IT,Italy,,,2/16/20,3,2,26,11,1,-2
IT,Italy,,,2/17/20,0,1,7,3,1,0
IT,Italy,,,2/18/20,3,1,16,4,1,0
IT,Italy,,,2/19/20,0,-1,11,3,1,0
IT,Italy,,,2/20/20,2,1,18,5,1,0
IT,Italy,,,2/21/20,1,1,19,5,0,-1
IT,Italy,,,2/22/20,-1,3,30,8,0,-1
IT,Italy,,,2/23/20,-5,16,23,6,1,0
IT,Italy,,,2/24/20,-4,23,22,-15,-14,4
IT,Italy,,,2/25/20,-6,5,20,-18,-15,5
IT,Italy,,,2/26/20,-13,-5,-6,-23,-12,6
IT,Italy,,,2/27/20,-10,-3,-1,-22,-12,6
IT,Italy,,,2/28/20,-8,-2,11,-20,-12,5
IT,Italy,,,2/29/20,-10,-2,2,-16,-9,3
IT,Italy,,,3/1/20,-19,-5,-30,-26,-5,4
IT,Italy,,,3/2/20,-13,-7,-26,-25,-9,5
IT,Italy,,,3/3/20,-7,-1,-9,-21,-8,4
IT,Italy,,,3/4/20,-7,1,8,-19,-8,4
IT,Italy,,,3/5/20,-12,0,-12,-28,-16,7
IT,Italy,,,3/6/20,-15,0,-8,-29,-17,8
IT,Italy,,,3/7/20,-19,1,2,-24,-15,6
IT,Italy,,,3/8/20,-32,3,1,-27,-10,6
IT,Italy,,,3/9/20,-30,-1,-24,-42,-24,11
IT,Italy,,,3/10/20,-43,-2,-32,-51,-31,16
IT,Italy,,,3/11/20,-52,-14,-32,-57,-37,19
IT,Italy,,,3/12/20,-70,-23,-61,-67,-47,24
IT,Italy,,,3/13/20,-75,-28,-64,-71,-53,28
IT,Italy,,,3/14/20,-83,-43,-78,-76,-58,25
IT,Italy,,,3/15/20,-90,-60,-81,-80,-55,22
IT,Italy,,,3/16/20,-75,-37,-67,-74,-58,27
IT,Italy,,,3/17/20,-77,-41,-68,-76,-61,29
IT,Italy,,,3/18/20,-79,-43,-71,-77,-61,30
IT,Italy,,,3/19/20,-79,-44,-74,-78,-63,31
IT,Italy,,,3/20/20,-80,-40,-77,-78,-63,32
IT,Italy,,,3/21/20,-86,-51,-85,-80,-63,26
IT,Italy,,,3/22/20,-95,-85,-91,-87,-63,24
IT,Italy,,,3/23/20,-80,-45,-81,-81,-68,32
IT,Italy,,,3/24/20,-81,-48,-80,-81,-69,32
IT,Italy,,,3/25/20,-83,-51,-82,-82,-70,34
IT,Italy,,,3/26/20,-84,-52,-84,-83,-72,35
IT,Italy,,,3/27/20,-83,-46,-82,-82,-71,36
IT,Italy,,,3/28/20,-87,-54,-86,-82,-65,27
IT,Italy,,,3/29/20,-94,-85,-90,-87,-63,24
IT,Italy,,,3/30/20,-81,-47,-79,-81,-69,32
IT,Italy,,,3/31/20,-90,-42,-78,-79,-70,33
IT,Italy,,,4/1/20,-90,-41,-77,-79,-70,33
IT,Italy,,,4/2/20,-90,-40,-77,-79,-70,34
IT,Italy,,,4/3/20,-85,-37,-78,-79,-69,35
IT,Italy,,,4/4/20,-89,-48,-84,-80,-63,27
IT,Italy,,,4/5/20,-95,-82,-90,-86,-62,24
IT,Italy,,,4/6/20,-83,-39,-76,-78,-66,31
IT,Italy,,,4/7/20,-81,-38,-75,-78,-67,31
IT,Italy,,,4/8/20,-82,-37,-76,-78,-67,31
IT,Italy,,,4/9/20,-81,-32,-76,-78,-67,32
IT,Italy,,,4/10/20,-81,-27,-76,-77,-68,33
IT,Italy,,,4/11/20,-86,-42,-83,-78,-62,26
IT,Italy,,,4/12/20,-96,-94,-91,-88,-66,25
IT,Italy,,,4/13/20,-96,-93,-86,-91,-90,40
IT,Italy,,,4/14/20,-81,-41,-76,-77,-65,30
IT,Italy,,,4/15/20,-80,-38,-75,-76,-64,30
IT,Italy,,,4/16/20,-79,-37,-75,-76,-63,31
IT,Italy,,,4/17/20,-79,-34,-75,-76,-63,32
IT,Italy,,,4/18/20,-85,-48,-82,-77,-58,25
IT,Italy,,,4/19/20,-94,-82,-88,-84,-58,23
IT,Italy,,,4/20/20,-79,-48,-79,-79,-61,29
IT,Italy,,,4/21/20,-79,-45,-76,-77,-61,29
IT,Italy,,,4/22/20,-79,-45,-75,-76,-61,30
IT,Italy,,,4/23/20,-78,-40,-73,-75,-60,30
IT,Italy,,,4/24/20,-75,-27,-71,-73,-60,29
IT,Italy,,,4/25/20,-93,-86,-83,-83,-72,28
IT,Italy,,,4/26/20,-92,-74,-85,-81,-54,22
IT,Italy,,,4/27/20,-72,-34,-68,-72,-57,26
IT,Italy,,,4/28/20,-75,-39,-71,-74,-58,26
IT,Italy,,,4/29/20,-75,-36,-68,-72,-57,27
IT,Italy,,,4/30/20,-71,-23,-67,-71,-57,26
IT,Italy,,,5/1/20,-92,-90,-74,-86,-86,41
IT,Italy,,,5/2/20,-78,-37,-71,-70,-52,23
IT,Italy,,,5/3/20,-89,-71,-75,-76,-46,21
IT,Italy,,,5/4/20,-58,-25,-30,-57,-45,18
IT,Italy,,,5/5/20,-60,-27,-31,-58,-46,19
IT,Italy,,,5/6/20,-61,-28,-32,-58,-46,20
IT,Italy,,,5/7/20,-60,-27,-28,-58,-45,20
IT,Italy,,,5/8/20,-60,-23,-29,-58,-45,21
IT,Italy,,,5/9/20,-63,-28,-31,-52,-39,15
IT,Italy,,,5/10/20,-74,-61,-43,-57,-28,13
IT,Italy,,,5/11/20,-58,-31,-45,-61,-43,19
IT,Italy,,,5/12/20,-56,-24,-27,-56,-42,19
IT,Italy,,,5/13/20,-59,-27,-39,-59,-42,19
IT,Italy,,,5/14/20,-56,-24,-28,-56,-42,18
IT,Italy,,,5/15/20,-58,-22,-34,-58,-42,20
IT,Italy,,,5/16/20,-61,-26,-37,-53,-34,15
IT,Italy,,,5/17/20,-68,-56,-24,-52,-21,12
IT,Italy,,,5/18/20,-38,-19,-11,-48,-36,14
IT,Italy,,,5/19/20,-40,-18,-22,-50,-37,15
IT,Italy,,,5/20/20,-40,-18,-13,-48,-37,15
IT,Italy,,,5/21/20,-37,-15,0,-46,-37,15
IT,Italy,,,5/22/20,-38,-13,4,-46,-36,14
IT,Italy,,,5/23/20,-38,-17,11,-35,-24,8
IT,Italy,,,5/24/20,-43,-38,13,-35,-9,5
IT,Italy,,,5/25/20,-32,-17,4,-45,-34,12
IT,Italy,,,5/26/20,-32,-14,6,-44,-34,12
IT,Italy,,,5/27/20,-32,-13,8,-43,-33,12
IT,Italy,,,5/28/20,-32,-12,5,-43,-33,13
IT,Italy,,,5/29/20,-35,-11,-6,-45,-34,13
IT,Italy,,,5/30/20,-34,-13,7,-32,-20,7
IT,Italy,,,5/31/20,-37,-31,15,-32,-2,5
IT,Italy,,,6/1/20,-15,4,53,-37,-44,11
IT,Italy,,,6/2/20,-32,-44,119,-46,-72,16
IT,Italy,,,6/3/20,-29,-7,6,-37,-31,10
IT,Italy,,,6/4/20,-33,-11,-24,-44,-33,12
IT,Italy,,,6/5/20,-28,-10,1,-40,-32,11
IT,Italy,,,6/6/20,-25,-12,31,-25,-17,4
IT,Italy,,,6/7/20,-34,-28,-4,-36,-3,4
IT,Italy,,,6/8/20,-25,-14,-7,-42,-31,10
IT,Italy,,,6/9/20,-21,-11,9,-38,-30,9
IT,Italy,,,6/10/20,-23,-11,2,-39,-30,10
IT,Italy,,,6/11/20,-21,-8,3,-39,-30,9
IT,Italy,,,6/12/20,-19,-8,35,-34,-30,7
IT,Italy,,,6/13/20,-24,-14,29,-26,-15,2
IT,Italy,,,6/14/20,-23,-21,30,-23,4,0
IT,Italy,,,6/15/20,-18,-11,19,-36,-28,7
IT,Italy,,,6/16/20,-16,-8,27,-34,-28,8
IT,Italy,,,6/17/20,-17,-9,24,-34,-28,8
IT,Italy,,,6/18/20,-15,-9,36,-33,-28,7
IT,Italy,,,6/19/20,-16,-8,41,-31,-28,6
IT,Italy,,,6/20/20,-17,-12,64,-16,-12,-1
IT,Italy,,,6/21/20,-22,-21,47,-16,6,-3
IT,Italy,,,6/22/20,-13,-9,46,-31,-29,5
IT,Italy,,,6/23/20,-11,-7,59,-29,-28,5
IT,Italy,,,6/24/20,-12,-8,60,-30,-28,5
IT,Italy,,,6/25/20,-13,-6,51,-29,-27,5
IT,Italy,,,6/26/20,-14,-6,60,-27,-28,4
IT,Italy,,,6/27/20,-18,-12,71,-15,-14,-2
IT,Italy,,,6/28/20,-22,-21,53,-14,8,-5
IT,Italy,,,6/29/20,-10,-8,62,-31,-29,4
IT,Italy,,,6/30/20,-8,-6,60,-29,-26,4
IT,Italy,,,7/1/20,-9,-5,55,-28,-26,4
IT,Italy,,,7/2/20,-10,-6,55,-28,-26,4
IT,Italy,,,7/3/20,-14,-7,47,-29,-27,4
IT,Italy,,,7/4/20,-15,-11,65,-15,-14,-2
IT,Italy,,,7/5/20,-18,-17,56,-12,7,-6
IT,Italy,,,7/6/20,-8,-6,70,-27,-27,3
IT,Italy,,,7/7/20,-5,-3,77,-26,-27,3
IT,Italy,,,7/8/20,-8,-7,78,-26,-25,3
IT,Italy,,,7/9/20,-8,-6,74,-26,-26,3
IT,Italy,,,7/10/20,-10,-6,77,-25,-27,2
IT,Italy,,,7/11/20,-16,-13,69,-15,-13,-2
IT,Italy,,,7/12/20,-16,-16,63,-9,9,-6
IT,Italy,,,7/13/20,-6,-5,79,-25,-26,2
IT,Italy,,,7/14/20,-4,-4,87,-25,-26,2
IT,Italy,,,7/15/20,-6,-6,75,-27,-25,3
IT,Italy,,,7/16/20,-5,-5,79,-25,-25,2
IT,Italy,,,7/17/20,-9,-5,73,-25,-26,3
IT,Italy,,,7/18/20,-12,-10,84,-10,-12,-3
IT,Italy,,,7/19/20,-14,-15,70,-6,11,-7
IT,Italy,,,7/20/20,-5,-5,95,-25,-26,2
IT,Italy,,,7/21/20,-3,-5,101,-25,-26,2
IT,Italy,Emilia-Romagna,IT-45,2/15/20,5,4,25,7,1,-2
IT,Italy,Emilia-Romagna,IT-45,2/16/20,1,6,39,5,0,-2
IT,Italy,Emilia-Romagna,IT-45,2/17/20,1,2,14,5,4,-1
IT,Italy,Emilia-Romagna,IT-45,2/18/20,1,1,6,2,1,0
IT,Italy,Emilia-Romagna,IT-45,2/19/20,1,0,12,2,1,0
IT,Italy,Emilia-Romagna,IT-45,2/20/20,2,0,19,5,1,-1
IT,Italy,Emilia-Romagna,IT-45,2/21/20,1,2,11,4,0,0
IT,Italy,Emilia-Romagna,IT-45,2/22/20,2,10,22,8,1,0
IT,Italy,Emilia-Romagna,IT-45,2/23/20,-7,25,29,-3,0,0
IT,Italy,Emilia-Romagna,IT-45,2/24/20,-7,33,25,-18,-13,6
IT,Italy,Emilia-Romagna,IT-45,2/25/20,-11,1,24,-23,-15,7
IT,Italy,Emilia-Romagna,IT-45,2/26/20,-18,-9,-16,-31,-15,8
IT,Italy,Emilia-Romagna,IT-45,2/27/20,-12,-6,3,-29,-15,7
IT,Italy,Emilia-Romagna,IT-45,2/28/20,-11,-5,12,-28,-15,7
IT,Italy,Emilia-Romagna,IT-45,2/29/20,-13,1,4,-23,-16,5
IT,Italy,Emilia-Romagna,IT-45,3/1/20,-26,-5,-39,-38,-8,6
IT,Italy,Emilia-Romagna,IT-45,3/2/20,-14,-6,-25,-31,-10,6
IT,Italy,Emilia-Romagna,IT-45,3/3/20,-12,-6,-20,-31,-13,7
IT,Italy,Emilia-Romagna,IT-45,3/4/20,-13,-4,-6,-30,-13,7
IT,Italy,Emilia-Romagna,IT-45,3/5/20,-16,-5,-13,-32,-14,8
IT,Italy,Emilia-Romagna,IT-45,3/6/20,-17,-1,-9,-34,-15,8
IT,Italy,Emilia-Romagna,IT-45,3/7/20,-22,5,-8,-31,-18,8
IT,Italy,Emilia-Romagna,IT-45,3/8/20,-37,7,26,-33,-13,7
IT,Italy,Emilia-Romagna,IT-45,3/9/20,-34,-4,-21,-45,-20,12
IT,Italy,Emilia-Romagna,IT-45,3/10/20,-44,-5,-23,-50,-27,16
IT,Italy,Emilia-Romagna,IT-45,3/11/20,-50,-11,-20,-54,-32,18
IT,Italy,Emilia-Romagna,IT-45,3/12/20,-68,-17,-51,-63,-40,23
IT,Italy,Emilia-Romagna,IT-45,3/13/20,-73,-18,-61,-68,-46,27
IT,Italy,Emilia-Romagna,IT-45,3/14/20,-84,-37,-78,-76,-57,26
IT,Italy,Emilia-Romagna,IT-45,3/15/20,-90,-56,-72,-80,-53,22
IT,Italy,Emilia-Romagna,IT-45,3/16/20,-73,-31,-60,-70,-50,26
IT,Italy,Emilia-Romagna,IT-45,3/17/20,-76,-36,-62,-72,-55,29
IT,Italy,Emilia-Romagna,IT-45,3/18/20,-77,-38,-67,-73,-56,30
IT,Italy,Emilia-Romagna,IT-45,3/19/20,-78,-39,-73,-75,-57,31
IT,Italy,Emilia-Romagna,IT-45,3/20/20,-79,-33,-77,-76,-58,33
IT,Italy,Emilia-Romagna,IT-45,3/21/20,-86,-46,-86,-80,-62,28
IT,Italy,Emilia-Romagna,IT-45,3/22/20,-96,-94,-91,-88,-64,24
IT,Italy,Emilia-Romagna,IT-45,3/23/20,-79,-39,-78,-78,-64,32
IT,Italy,Emilia-Romagna,IT-45,3/24/20,-80,-43,-79,-77,-66,34
IT,Italy,Emilia-Romagna,IT-45,3/25/20,-83,-46,-82,-80,-68,35
IT,Italy,Emilia-Romagna,IT-45,3/26/20,-85,-51,-85,-82,-71,37
IT,Italy,Emilia-Romagna,IT-45,3/27/20,-83,-40,-83,-81,-70,38
IT,Italy,Emilia-Romagna,IT-45,3/28/20,-88,-50,-86,-82,-66,29
IT,Italy,Emilia-Romagna,IT-45,3/29/20,-96,-94,-88,-88,-65,24
IT,Italy,Emilia-Romagna,IT-45,3/30/20,-81,-42,-77,-78,-67,33
IT,Italy,Emilia-Romagna,IT-45,3/31/20,-90,-37,-77,-76,-69,35
IT,Italy,Emilia-Romagna,IT-45,4/1/20,-90,-35,-75,-76,-68,35
IT,Italy,Emilia-Romagna,IT-45,4/2/20,-90,-35,-75,-76,-68,35
IT,Italy,Emilia-Romagna,IT-45,4/3/20,-85,-29,-78,-78,-67,36
IT,Italy,Emilia-Romagna,IT-45,4/4/20,-90,-42,-85,-81,-64,28
IT,Italy,Emilia-Romagna,IT-45,4/5/20,-96,-93,-88,-87,-63,24
IT,Italy,Emilia-Romagna,IT-45,4/6/20,-82,-32,-74,-76,-63,31
IT,Italy,Emilia-Romagna,IT-45,4/7/20,-81,-33,-73,-75,-64,33
IT,Italy,Emilia-Romagna,IT-45,4/8/20,-81,-31,-74,-75,-64,33
IT,Italy,Emilia-Romagna,IT-45,4/9/20,-81,-28,-74,-75,-64,33
IT,Italy,Emilia-Romagna,IT-45,4/10/20,-80,-20,-77,-76,-65,35
IT,Italy,Emilia-Romagna,IT-45,4/11/20,-87,-38,-84,-79,-63,27
IT,Italy,Emilia-Romagna,IT-45,4/12/20,-96,-95,-89,-89,-66,24
IT,Italy,Emilia-Romagna,IT-45,4/13/20,-96,-96,-84,-90,-91,43
IT,Italy,Emilia-Romagna,IT-45,4/14/20,-80,-33,-74,-74,-61,31
IT,Italy,Emilia-Romagna,IT-45,4/15/20,-80,-31,-73,-73,-60,31
IT,Italy,Emilia-Romagna,IT-45,4/16/20,-78,-33,-73,-74,-59,32
IT,Italy,Emilia-Romagna,IT-45,4/17/20,-78,-29,-75,-75,-59,33
IT,Italy,Emilia-Romagna,IT-45,4/18/20,-85,-43,-83,-78,-58,27
IT,Italy,Emilia-Romagna,IT-45,4/19/20,-94,-84,-87,-86,-57,23
IT,Italy,Emilia-Romagna,IT-45,4/20/20,-78,-46,-79,-77,-57,29
IT,Italy,Emilia-Romagna,IT-45,4/21/20,-78,-41,-76,-74,-58,31
IT,Italy,Emilia-Romagna,IT-45,4/22/20,-77,-39,-72,-73,-56,30
IT,Italy,Emilia-Romagna,IT-45,4/23/20,-77,-37,-70,-72,-57,30
IT,Italy,Emilia-Romagna,IT-45,4/24/20,-75,-23,-71,-72,-57,31
IT,Italy,Emilia-Romagna,IT-45,4/25/20,-95,-94,-84,-85,-75,30
IT,Italy,Emilia-Romagna,IT-45,4/26/20,-91,-57,-83,-83,-51,22
IT,Italy,Emilia-Romagna,IT-45,4/27/20,-71,-31,-66,-69,-52,26
IT,Italy,Emilia-Romagna,IT-45,4/28/20,-75,-36,-70,-71,-54,27
IT,Italy,Emilia-Romagna,IT-45,4/29/20,-74,-33,-67,-70,-53,28
IT,Italy,Emilia-Romagna,IT-45,4/30/20,-71,-21,-67,-69,-53,27
IT,Italy,Emilia-Romagna,IT-45,5/1/20,-94,-94,-79,-87,-88,45
IT,Italy,Emilia-Romagna,IT-45,5/2/20,-79,-32,-76,-73,-53,25
IT,Italy,Emilia-Romagna,IT-45,5/3/20,-90,-66,-80,-81,-46,22
IT,Italy,Emilia-Romagna,IT-45,5/4/20,-57,-25,-13,-53,-40,18
IT,Italy,Emilia-Romagna,IT-45,5/5/20,-60,-26,-19,-54,-42,20
IT,Italy,Emilia-Romagna,IT-45,5/6/20,-61,-26,-31,-56,-42,21
IT,Italy,Emilia-Romagna,IT-45,5/7/20,-59,-27,-13,-54,-41,20
IT,Italy,Emilia-Romagna,IT-45,5/8/20,-60,-20,-24,-57,-41,21
IT,Italy,Emilia-Romagna,IT-45,5/9/20,-63,-25,-25,-53,-41,16
IT,Italy,Emilia-Romagna,IT-45,5/10/20,-73,-53,-22,-58,-28,13
IT,Italy,Emilia-Romagna,IT-45,5/11/20,-56,-28,-34,-57,-37,18
IT,Italy,Emilia-Romagna,IT-45,5/12/20,-55,-23,-13,-53,-38,19
IT,Italy,Emilia-Romagna,IT-45,5/13/20,-57,-24,-23,-54,-38,19
IT,Italy,Emilia-Romagna,IT-45,5/14/20,-56,-24,-21,-54,-38,18
IT,Italy,Emilia-Romagna,IT-45,5/15/20,-56,-19,-22,-55,-38,19
IT,Italy,Emilia-Romagna,IT-45,5/16/20,-61,-23,-38,-54,-36,16
IT,Italy,Emilia-Romagna,IT-45,5/17/20,-67,-45,-1,-54,-20,12
IT,Italy,Emilia-Romagna,IT-45,5/18/20,-36,-19,1,-46,-31,13
IT,Italy,Emilia-Romagna,IT-45,5/19/20,-41,-18,-21,-49,-33,16
IT,Italy,Emilia-Romagna,IT-45,5/20/20,-38,-16,-7,-47,-33,15
IT,Italy,Emilia-Romagna,IT-45,5/21/20,-35,-16,23,-43,-33,14
IT,Italy,Emilia-Romagna,IT-45,5/22/20,-36,-11,15,-45,-32,14
IT,Italy,Emilia-Romagna,IT-45,5/23/20,-36,-14,23,-36,-25,8
IT,Italy,Emilia-Romagna,IT-45,5/24/20,-43,-29,24,-43,-8,6
IT,Italy,Emilia-Romagna,IT-45,5/25/20,-30,-17,23,-42,-29,11
IT,Italy,Emilia-Romagna,IT-45,5/26/20,-31,-14,25,-42,-30,12
IT,Italy,Emilia-Romagna,IT-45,5/27/20,-31,-13,27,-41,-30,12
IT,Italy,Emilia-Romagna,IT-45,5/28/20,-31,-14,23,-42,-30,12
IT,Italy,Emilia-Romagna,IT-45,5/29/20,-34,-11,-9,-47,-31,14
IT,Italy,Emilia-Romagna,IT-45,5/30/20,-31,-10,30,-32,-21,6
IT,Italy,Emilia-Romagna,IT-45,5/31/20,-36,-23,37,-39,0,4
IT,Italy,Emilia-Romagna,IT-45,6/1/20,-14,3,88,-36,-44,11
IT,Italy,Emilia-Romagna,IT-45,6/2/20,-34,-50,139,-44,-76,18
IT,Italy,Emilia-Romagna,IT-45,6/3/20,-27,-7,21,-34,-28,9
IT,Italy,Emilia-Romagna,IT-45,6/4/20,-33,-12,-29,-44,-30,13
IT,Italy,Emilia-Romagna,IT-45,6/5/20,-22,-7,28,-36,-28,10
IT,Italy,Emilia-Romagna,IT-45,6/6/20,-22,-11,49,-24,-19,2
IT,Italy,Emilia-Romagna,IT-45,6/7/20,-30,-20,24,-34,0,2
IT,Italy,Emilia-Romagna,IT-45,6/8/20,-24,-14,-2,-38,-26,9
IT,Italy,Emilia-Romagna,IT-45,6/9/20,-23,-12,7,-37,-27,10
IT,Italy,Emilia-Romagna,IT-45,6/10/20,-21,-10,13,-36,-27,9
IT,Italy,Emilia-Romagna,IT-45,6/11/20,-20,-10,11,-37,-27,9
IT,Italy,Emilia-Romagna,IT-45,6/12/20,-16,-7,51,-32,-27,6
IT,Italy,Emilia-Romagna,IT-45,6/13/20,-23,-12,27,-27,-16,2
IT,Italy,Emilia-Romagna,IT-45,6/14/20,-22,-15,44,-27,7,0
IT,Italy,Emilia-Romagna,IT-45,6/15/20,-18,-12,16,-34,-24,7
IT,Italy,Emilia-Romagna,IT-45,6/16/20,-13,-8,49,-31,-24,7
IT,Italy,Emilia-Romagna,IT-45,6/17/20,-16,-9,31,-33,-25,7
IT,Italy,Emilia-Romagna,IT-45,6/18/20,-13,-11,55,-29,-25,6
IT,Italy,Emilia-Romagna,IT-45,6/19/20,-14,-8,52,-29,-26,5
IT,Italy,Emilia-Romagna,IT-45,6/20/20,-16,-12,58,-16,-14,-2
IT,Italy,Emilia-Romagna,IT-45,6/21/20,-22,-20,54,-16,10,-5
IT,Italy,Emilia-Romagna,IT-45,6/22/20,-12,-11,59,-27,-24,4
IT,Italy,Emilia-Romagna,IT-45,6/23/20,-10,-9,68,-27,-25,5
IT,Italy,Emilia-Romagna,IT-45,6/24/20,-11,-9,68,-26,-25,5
IT,Italy,Emilia-Romagna,IT-45,6/25/20,-11,-8,60,-27,-24,5
IT,Italy,Emilia-Romagna,IT-45,6/26/20,-12,-8,62,-24,-26,4
IT,Italy,Emilia-Romagna,IT-45,6/27/20,-17,-12,57,-13,-16,-3
IT,Italy,Emilia-Romagna,IT-45,6/28/20,-23,-20,48,-13,14,-6
IT,Italy,Emilia-Romagna,IT-45,6/29/20,-10,-9,58,-24,-22,3
IT,Italy,Emilia-Romagna,IT-45,6/30/20,-9,-8,62,-27,-23,4
IT,Italy,Emilia-Romagna,IT-45,7/1/20,-10,-8,51,-26,-23,3
IT,Italy,Emilia-Romagna,IT-45,7/2/20,-9,-9,57,-26,-23,3
IT,Italy,Emilia-Romagna,IT-45,7/3/20,-14,-8,31,-28,-25,5
IT,Italy,Emilia-Romagna,IT-45,7/4/20,-13,-10,53,-13,-15,-2
IT,Italy,Emilia-Romagna,IT-45,7/5/20,-20,-18,48,-13,10,-7
IT,Italy,Emilia-Romagna,IT-45,7/6/20,-9,-10,65,-23,-23,2
IT,Italy,Emilia-Romagna,IT-45,7/7/20,-6,-5,67,-26,-25,4
IT,Italy,Emilia-Romagna,IT-45,7/8/20,-9,-11,67,-25,-22,2
IT,Italy,Emilia-Romagna,IT-45,7/9/20,-9,-10,65,-25,-23,2
IT,Italy,Emilia-Romagna,IT-45,7/10/20,-10,-8,64,-23,-25,2
IT,Italy,Emilia-Romagna,IT-45,7/11/20,-19,-14,27,-15,-14,-2
IT,Italy,Emilia-Romagna,IT-45,7/12/20,-14,-11,55,-10,13,-6
IT,Italy,Emilia-Romagna,IT-45,7/13/20,-6,-8,73,-21,-22,1
IT,Italy,Emilia-Romagna,IT-45,7/14/20,-5,-8,80,-24,-24,2
IT,Italy,Emilia-Romagna,IT-45,7/15/20,-6,-8,64,-26,-22,2
IT,Italy,Emilia-Romagna,IT-45,7/16/20,-5,-10,71,-24,-23,2
IT,Italy,Emilia-Romagna,IT-45,7/17/20,-6,-5,57,-23,-25,3
IT,Italy,Emilia-Romagna,IT-45,7/18/20,-11,-12,60,-6,-13,-4
IT,Italy,Emilia-Romagna,IT-45,7/19/20,-15,-16,57,-6,16,-8
IT,Italy,Emilia-Romagna,IT-45,7/20/20,-5,-10,77,-21,-23,1
IT,Italy,Emilia-Romagna,IT-45,7/21/20,-5,-9,80,-25,-24,2
IT,Italy,Lazio,IT-62,2/15/20,4,-1,43,9,1,-2
IT,Italy,Lazio,IT-62,2/16/20,6,1,37,8,1,-3
IT,Italy,Lazio,IT-62,2/17/20,1,1,13,3,2,-1
IT,Italy,Lazio,IT-62,2/18/20,2,0,11,2,1,0
IT,Italy,Lazio,IT-62,2/19/20,-2,-3,-2,0,1,0
IT,Italy,Lazio,IT-62,2/20/20,2,1,21,5,1,-1
IT,Italy,Lazio,IT-62,2/21/20,1,0,21,6,1,-1
IT,Italy,Lazio,IT-62,2/22/20,4,2,40,11,2,-2
IT,Italy,Lazio,IT-62,2/23/20,1,8,28,9,2,-2
IT,Italy,Lazio,IT-62,2/24/20,2,18,17,-3,-3,1
IT,Italy,Lazio,IT-62,2/25/20,1,7,12,-7,-3,1
IT,Italy,Lazio,IT-62,2/26/20,-8,-3,-7,-10,0,2
IT,Italy,Lazio,IT-62,2/27/20,-4,0,0,-9,1,1
IT,Italy,Lazio,IT-62,2/28/20,-3,0,5,-7,1,1
IT,Italy,Lazio,IT-62,2/29/20,-2,0,13,-6,1,0
IT,Italy,Lazio,IT-62,3/1/20,-17,-6,-40,-22,-3,3
IT,Italy,Lazio,IT-62,3/2/20,-12,-7,-29,-13,1,2
IT,Italy,Lazio,IT-62,3/3/20,-7,-1,-24,-14,0,2
IT,Italy,Lazio,IT-62,3/4/20,-5,4,-8,-11,1,1
IT,Italy,Lazio,IT-62,3/5/20,-10,6,-7,-22,-15,6
IT,Italy,Lazio,IT-62,3/6/20,-16,2,-15,-26,-16,8
IT,Italy,Lazio,IT-62,3/7/20,-18,4,-3,-23,-8,5
IT,Italy,Lazio,IT-62,3/8/20,-23,4,11,-30,-8,4
IT,Italy,Lazio,IT-62,3/9/20,-28,2,-24,-39,-25,11
IT,Italy,Lazio,IT-62,3/10/20,-44,-2,-37,-52,-36,17
IT,Italy,Lazio,IT-62,3/11/20,-53,-15,-38,-60,-44,21
IT,Italy,Lazio,IT-62,3/12/20,-72,-25,-63,-70,-55,28
IT,Italy,Lazio,IT-62,3/13/20,-77,-32,-69,-75,-60,31
IT,Italy,Lazio,IT-62,3/14/20,-84,-43,-79,-77,-56,24
IT,Italy,Lazio,IT-62,3/15/20,-90,-55,-82,-82,-55,22
IT,Italy,Lazio,IT-62,3/16/20,-76,-39,-74,-79,-64,30
IT,Italy,Lazio,IT-62,3/17/20,-79,-43,-77,-80,-67,32
IT,Italy,Lazio,IT-62,3/18/20,-80,-46,-77,-81,-68,32
IT,Italy,Lazio,IT-62,3/19/20,-80,-46,-79,-82,-69,33
IT,Italy,Lazio,IT-62,3/20/20,-81,-45,-81,-81,-68,34
IT,Italy,Lazio,IT-62,3/21/20,-86,-53,-86,-81,-61,26
IT,Italy,Lazio,IT-62,3/22/20,-94,-76,-91,-87,-62,24
IT,Italy,Lazio,IT-62,3/23/20,-80,-47,-84,-83,-71,33
IT,Italy,Lazio,IT-62,3/24/20,-82,-49,-84,-84,-72,34
IT,Italy,Lazio,IT-62,3/25/20,-83,-50,-84,-84,-73,35
IT,Italy,Lazio,IT-62,3/26/20,-85,-55,-87,-86,-74,37
IT,Italy,Lazio,IT-62,3/27/20,-83,-49,-85,-84,-72,37
IT,Italy,Lazio,IT-62,3/28/20,-86,-53,-87,-82,-62,27
IT,Italy,Lazio,IT-62,3/29/20,-94,-76,-90,-88,-62,24
IT,Italy,Lazio,IT-62,3/30/20,-80,-47,-82,-83,-71,33
IT,Italy,Lazio,IT-62,3/31/20,-90,-43,-82,-82,-72,34
IT,Italy,Lazio,IT-62,4/1/20,-90,-43,-81,-82,-71,34
IT,Italy,Lazio,IT-62,4/2/20,-90,-42,-81,-82,-72,35
IT,Italy,Lazio,IT-62,4/3/20,-85,-40,-81,-82,-70,35
IT,Italy,Lazio,IT-62,4/4/20,-88,-47,-84,-80,-60,26
IT,Italy,Lazio,IT-62,4/5/20,-94,-71,-89,-87,-61,24
IT,Italy,Lazio,IT-62,4/6/20,-82,-40,-80,-81,-69,32
IT,Italy,Lazio,IT-62,4/7/20,-81,-39,-80,-81,-70,33
IT,Italy,Lazio,IT-62,4/8/20,-81,-37,-80,-81,-69,33
IT,Italy,Lazio,IT-62,4/9/20,-80,-33,-81,-81,-70,33
IT,Italy,Lazio,IT-62,4/10/20,-80,-30,-80,-80,-70,34
IT,Italy,Lazio,IT-62,4/11/20,-85,-41,-83,-78,-59,25
IT,Italy,Lazio,IT-62,4/12/20,-96,-95,-91,-89,-67,25
IT,Italy,Lazio,IT-62,4/13/20,-96,-94,-88,-92,-91,41
IT,Italy,Lazio,IT-62,4/14/20,-82,-45,-84,-82,-69,33
IT,Italy,Lazio,IT-62,4/15/20,-80,-39,-79,-79,-68,32
IT,Italy,Lazio,IT-62,4/16/20,-79,-38,-79,-80,-68,33
IT,Italy,Lazio,IT-62,4/17/20,-80,-37,-79,-80,-67,34
IT,Italy,Lazio,IT-62,4/18/20,-84,-45,-83,-78,-55,25
IT,Italy,Lazio,IT-62,4/19/20,-93,-74,-88,-86,-57,23
IT,Italy,Lazio,IT-62,4/20/20,-80,-49,-84,-82,-67,32
IT,Italy,Lazio,IT-62,4/21/20,-79,-43,-81,-80,-67,32
IT,Italy,Lazio,IT-62,4/22/20,-82,-47,-83,-82,-67,33
IT,Italy,Lazio,IT-62,4/23/20,-79,-39,-79,-79,-66,32
IT,Italy,Lazio,IT-62,4/24/20,-76,-28,-76,-77,-65,32
IT,Italy,Lazio,IT-62,4/25/20,-94,-92,-83,-84,-73,28
IT,Italy,Lazio,IT-62,4/26/20,-89,-57,-84,-81,-51,22
IT,Italy,Lazio,IT-62,4/27/20,-72,-32,-75,-76,-63,29
IT,Italy,Lazio,IT-62,4/28/20,-76,-37,-78,-78,-64,29
IT,Italy,Lazio,IT-62,4/29/20,-76,-34,-76,-77,-63,30
IT,Italy,Lazio,IT-62,4/30/20,-72,-22,-74,-75,-62,29
IT,Italy,Lazio,IT-62,5/1/20,-94,-92,-82,-89,-88,42
IT,Italy,Lazio,IT-62,5/2/20,-77,-34,-77,-72,-49,23
IT,Italy,Lazio,IT-62,5/3/20,-89,-63,-81,-80,-46,21
IT,Italy,Lazio,IT-62,5/4/20,-60,-25,-45,-64,-53,21
IT,Italy,Lazio,IT-62,5/5/20,-61,-26,-46,-65,-54,23
IT,Italy,Lazio,IT-62,5/6/20,-62,-26,-43,-65,-53,23
IT,Italy,Lazio,IT-62,5/7/20,-61,-26,-42,-65,-53,23
IT,Italy,Lazio,IT-62,5/8/20,-62,-23,-40,-65,-52,24
IT,Italy,Lazio,IT-62,5/9/20,-64,-25,-34,-57,-36,15
IT,Italy,Lazio,IT-62,5/10/20,-73,-49,-46,-66,-29,13
IT,Italy,Lazio,IT-62,5/11/20,-57,-28,-42,-63,-50,21
IT,Italy,Lazio,IT-62,5/12/20,-57,-23,-40,-63,-50,22
IT,Italy,Lazio,IT-62,5/13/20,-60,-26,-48,-64,-50,22
IT,Italy,Lazio,IT-62,5/14/20,-58,-24,-43,-64,-49,21
IT,Italy,Lazio,IT-62,5/15/20,-59,-20,-36,-63,-48,22
IT,Italy,Lazio,IT-62,5/16/20,-61,-23,-36,-57,-30,14
IT,Italy,Lazio,IT-62,5/17/20,-69,-43,-37,-63,-23,13
IT,Italy,Lazio,IT-62,5/18/20,-39,-19,-29,-55,-43,17
IT,Italy,Lazio,IT-62,5/19/20,-39,-16,-25,-55,-44,17
IT,Italy,Lazio,IT-62,5/20/20,-44,-19,-42,-58,-44,18
IT,Italy,Lazio,IT-62,5/21/20,-39,-14,-20,-54,-43,17
IT,Italy,Lazio,IT-62,5/22/20,-40,-12,-15,-54,-42,17
IT,Italy,Lazio,IT-62,5/23/20,-37,-13,5,-42,-18,7
IT,Italy,Lazio,IT-62,5/24/20,-42,-28,-8,-51,-9,6
IT,Italy,Lazio,IT-62,5/25/20,-34,-17,-21,-53,-41,15
IT,Italy,Lazio,IT-62,5/26/20,-34,-14,-21,-53,-41,15
IT,Italy,Lazio,IT-62,5/27/20,-34,-12,-20,-52,-40,15
IT,Italy,Lazio,IT-62,5/28/20,-34,-12,-19,-51,-40,15
IT,Italy,Lazio,IT-62,5/29/20,-46,-18,-49,-58,-41,17
IT,Italy,Lazio,IT-62,5/30/20,-35,-8,-16,-41,-12,7
IT,Italy,Lazio,IT-62,5/31/20,-36,-22,-1,-47,1,5
IT,Italy,Lazio,IT-62,6/1/20,-17,3,8,-48,-44,12
IT,Italy,Lazio,IT-62,6/2/20,-33,-39,54,-61,-73,17
IT,Italy,Lazio,IT-62,6/3/20,-30,-7,-15,-44,-37,11
IT,Italy,Lazio,IT-62,6/4/20,-32,-9,-26,-46,-39,13
IT,Italy,Lazio,IT-62,6/5/20,-34,-11,-28,-49,-39,14
IT,Italy,Lazio,IT-62,6/6/20,-25,-11,22,-32,-10,2
IT,Italy,Lazio,IT-62,6/7/20,-30,-21,1,-41,0,1
IT,Italy,Lazio,IT-62,6/8/20,-26,-14,-19,-47,-37,12
IT,Italy,Lazio,IT-62,6/9/20,-22,-10,-6,-44,-36,11
IT,Italy,Lazio,IT-62,6/10/20,-26,-11,-27,-47,-37,12
IT,Italy,Lazio,IT-62,6/11/20,-30,-14,-34,-49,-38,13
IT,Italy,Lazio,IT-62,6/12/20,-23,-8,8,-41,-35,9
IT,Italy,Lazio,IT-62,6/13/20,-26,-12,-1,-36,-6,2
IT,Italy,Lazio,IT-62,6/14/20,-26,-18,7,-38,7,0
IT,Italy,Lazio,IT-62,6/15/20,-20,-12,-1,-43,-34,9
IT,Italy,Lazio,IT-62,6/16/20,-18,-9,-2,-42,-34,10
IT,Italy,Lazio,IT-62,6/17/20,-20,-10,-4,-42,-34,10
IT,Italy,Lazio,IT-62,6/18/20,-18,-10,5,-41,-34,9
IT,Italy,Lazio,IT-62,6/19/20,-22,-9,5,-40,-34,8
IT,Italy,Lazio,IT-62,6/20/20,-20,-12,32,-29,-3,-1
IT,Italy,Lazio,IT-62,6/21/20,-27,-20,1,-37,7,-2
IT,Italy,Lazio,IT-62,6/22/20,-16,-10,4,-40,-35,7
IT,Italy,Lazio,IT-62,6/23/20,-15,-9,8,-39,-35,8
IT,Italy,Lazio,IT-62,6/24/20,-16,-9,6,-40,-33,7
IT,Italy,Lazio,IT-62,6/25/20,-17,-9,8,-38,-33,7
IT,Italy,Lazio,IT-62,6/26/20,-20,-8,11,-37,-33,5
IT,Italy,Lazio,IT-62,6/27/20,-22,-13,24,-29,-7,-4
IT,Italy,Lazio,IT-62,6/28/20,-27,-20,6,-39,12,-4
IT,Italy,Lazio,IT-62,6/29/20,-18,-21,26,-52,-54,5
IT,Italy,Lazio,IT-62,6/30/20,-14,-8,3,-39,-33,5
IT,Italy,Lazio,IT-62,7/1/20,-14,-8,5,-38,-32,6
IT,Italy,Lazio,IT-62,7/2/20,-15,-9,6,-38,-33,6
IT,Italy,Lazio,IT-62,7/3/20,-18,-11,12,-37,-32,5
IT,Italy,Lazio,IT-62,7/4/20,-20,-12,12,-32,-6,-1
IT,Italy,Lazio,IT-62,7/5/20,-22,-19,9,-34,9,-6
IT,Italy,Lazio,IT-62,7/6/20,-13,-11,10,-37,-34,5
IT,Italy,Lazio,IT-62,7/7/20,-13,-10,11,-38,-34,5
IT,Italy,Lazio,IT-62,7/8/20,-14,-11,10,-38,-32,5
IT,Italy,Lazio,IT-62,7/9/20,-15,-10,10,-38,-32,5
IT,Italy,Lazio,IT-62,7/10/20,-18,-11,14,-39,-32,4
IT,Italy,Lazio,IT-62,7/11/20,-22,-17,25,-30,-4,-4
IT,Italy,Lazio,IT-62,7/12/20,-24,-20,5,-35,12,-6
IT,Italy,Lazio,IT-62,7/13/20,-13,-10,11,-38,-33,4
IT,Italy,Lazio,IT-62,7/14/20,-11,-10,15,-38,-33,4
IT,Italy,Lazio,IT-62,7/15/20,-13,-11,10,-38,-31,5
IT,Italy,Lazio,IT-62,7/16/20,-14,-11,11,-38,-32,5
IT,Italy,Lazio,IT-62,7/17/20,-18,-11,12,-37,-32,4
IT,Italy,Lazio,IT-62,7/18/20,-19,-15,27,-28,-3,-4
IT,Italy,Lazio,IT-62,7/19/20,-22,-19,9,-32,14,-7
IT,Italy,Lazio,IT-62,7/20/20,-13,-12,14,-38,-34,4
IT,Italy,Lazio,IT-62,7/21/20,-12,-12,16,-39,-34,4
IT,Italy,Lombardy,IT-25,2/15/20,2,-1,50,8,-2,-1
IT,Italy,Lombardy,IT-25,2/16/20,-1,2,13,2,0,-1
IT,Italy,Lombardy,IT-25,2/17/20,-3,-2,-14,1,0,0
IT,Italy,Lombardy,IT-25,2/18/20,2,1,32,4,1,0
IT,Italy,Lombardy,IT-25,2/19/20,2,1,19,4,1,-1
IT,Italy,Lombardy,IT-25,2/20/20,2,0,19,4,0,-1
IT,Italy,Lombardy,IT-25,2/21/20,1,1,20,3,0,0
IT,Italy,Lombardy,IT-25,2/22/20,-6,6,37,1,-1,0
IT,Italy,Lombardy,IT-25,2/23/20,-19,30,12,-13,-2,2
IT,Italy,Lombardy,IT-25,2/24/20,-18,27,28,-32,-22,9
IT,Italy,Lombardy,IT-25,2/25/20,-22,3,8,-37,-23,11
IT,Italy,Lombardy,IT-25,2/26/20,-23,-7,-5,-40,-23,11
IT,Italy,Lombardy,IT-25,2/27/20,-19,-7,7,-39,-23,10
IT,Italy,Lombardy,IT-25,2/28/20,-16,-6,32,-37,-24,10
IT,Italy,Lombardy,IT-25,2/29/20,-24,-5,-12,-34,-20,8
IT,Italy,Lombardy,IT-25,3/1/20,-33,-9,-38,-40,-14,7
IT,Italy,Lombardy,IT-25,3/2/20,-26,-18,-53,-44,-20,11
IT,Italy,Lombardy,IT-25,3/3/20,-13,-1,16,-35,-19,9
IT,Italy,Lombardy,IT-25,3/4/20,-14,-1,46,-34,-19,8
IT,Italy,Lombardy,IT-25,3/5/20,-22,-6,-31,-42,-21,11
IT,Italy,Lombardy,IT-25,3/6/20,-20,-2,1,-40,-22,11
IT,Italy,Lombardy,IT-25,3/7/20,-25,-1,54,-31,-19,7
IT,Italy,Lombardy,IT-25,3/8/20,-48,-1,16,-42,-19,8
IT,Italy,Lombardy,IT-25,3/9/20,-42,-9,-35,-57,-31,16
IT,Italy,Lombardy,IT-25,3/10/20,-50,-8,-25,-61,-38,20
IT,Italy,Lombardy,IT-25,3/11/20,-57,-13,-23,-65,-43,22
IT,Italy,Lombardy,IT-25,3/12/20,-74,-26,-62,-74,-52,28
IT,Italy,Lombardy,IT-25,3/13/20,-78,-27,-57,-76,-58,31
IT,Italy,Lombardy,IT-25,3/14/20,-86,-46,-80,-80,-63,26
IT,Italy,Lombardy,IT-25,3/15/20,-91,-58,-78,-83,-57,22
IT,Italy,Lombardy,IT-25,3/16/20,-78,-35,-62,-79,-63,30
IT,Italy,Lombardy,IT-25,3/17/20,-80,-39,-59,-80,-65,32
IT,Italy,Lombardy,IT-25,3/18/20,-82,-42,-67,-81,-66,33
IT,Italy,Lombardy,IT-25,3/19/20,-82,-43,-72,-82,-67,34
IT,Italy,Lombardy,IT-25,3/20/20,-82,-40,-76,-82,-68,36
IT,Italy,Lombardy,IT-25,3/21/20,-88,-55,-84,-83,-67,27
IT,Italy,Lombardy,IT-25,3/22/20,-95,-80,-92,-89,-65,24
IT,Italy,Lombardy,IT-25,3/23/20,-84,-47,-82,-86,-74,35
IT,Italy,Lombardy,IT-25,3/24/20,-84,-48,-78,-85,-74,36
IT,Italy,Lombardy,IT-25,3/25/20,-86,-50,-82,-86,-75,37
IT,Italy,Lombardy,IT-25,3/26/20,-86,-51,-83,-86,-77,39
IT,Italy,Lombardy,IT-25,3/27/20,-86,-47,-82,-86,-77,40
IT,Italy,Lombardy,IT-25,3/28/20,-89,-59,-85,-85,-70,28
IT,Italy,Lombardy,IT-25,3/29/20,-95,-81,-91,-89,-65,24
IT,Italy,Lombardy,IT-25,3/30/20,-85,-48,-82,-85,-75,36
IT,Italy,Lombardy,IT-25,3/31/20,-92,-42,-78,-84,-76,37
IT,Italy,Lombardy,IT-25,4/1/20,-92,-40,-78,-84,-75,37
IT,Italy,Lombardy,IT-25,4/2/20,-92,-40,-78,-84,-75,38
IT,Italy,Lombardy,IT-25,4/3/20,-88,-39,-78,-84,-74,39
IT,Italy,Lombardy,IT-25,4/4/20,-91,-53,-84,-84,-68,28
IT,Italy,Lombardy,IT-25,4/5/20,-96,-77,-90,-88,-64,24
IT,Italy,Lombardy,IT-25,4/6/20,-86,-39,-77,-83,-71,34
IT,Italy,Lombardy,IT-25,4/7/20,-85,-39,-75,-83,-72,35
IT,Italy,Lombardy,IT-25,4/8/20,-85,-37,-77,-83,-71,35
IT,Italy,Lombardy,IT-25,4/9/20,-84,-33,-77,-83,-71,35
IT,Italy,Lombardy,IT-25,4/10/20,-84,-29,-77,-82,-73,38
IT,Italy,Lombardy,IT-25,4/11/20,-89,-47,-83,-82,-67,27
IT,Italy,Lombardy,IT-25,4/12/20,-97,-95,-91,-90,-68,25
IT,Italy,Lombardy,IT-25,4/13/20,-96,-84,-85,-92,-92,43
IT,Italy,Lombardy,IT-25,4/14/20,-83,-40,-74,-82,-68,34
IT,Italy,Lombardy,IT-25,4/15/20,-83,-38,-75,-82,-67,34
IT,Italy,Lombardy,IT-25,4/16/20,-82,-38,-75,-82,-67,34
IT,Italy,Lombardy,IT-25,4/17/20,-83,-36,-75,-82,-67,36
IT,Italy,Lombardy,IT-25,4/18/20,-88,-55,-82,-81,-63,27
IT,Italy,Lombardy,IT-25,4/19/20,-95,-79,-89,-87,-60,23
IT,Italy,Lombardy,IT-25,4/20/20,-82,-52,-81,-83,-65,32
IT,Italy,Lombardy,IT-25,4/21/20,-82,-49,-75,-82,-65,33
IT,Italy,Lombardy,IT-25,4/22/20,-82,-46,-72,-80,-63,32
IT,Italy,Lombardy,IT-25,4/23/20,-81,-45,-73,-80,-64,33
IT,Italy,Lombardy,IT-25,4/24/20,-81,-39,-73,-80,-64,34
IT,Italy,Lombardy,IT-25,4/25/20,-92,-69,-82,-84,-71,28
IT,Italy,Lombardy,IT-25,4/26/20,-94,-74,-86,-85,-57,23
IT,Italy,Lombardy,IT-25,4/27/20,-78,-42,-72,-79,-61,30
IT,Italy,Lombardy,IT-25,4/28/20,-80,-46,-71,-80,-62,30
IT,Italy,Lombardy,IT-25,4/29/20,-80,-42,-70,-79,-61,31
IT,Italy,Lombardy,IT-25,4/30/20,-77,-34,-75,-79,-61,31
IT,Italy,Lombardy,IT-25,5/1/20,-93,-83,-79,-89,-89,45
IT,Italy,Lombardy,IT-25,5/2/20,-83,-45,-76,-77,-58,25
IT,Italy,Lombardy,IT-25,5/3/20,-92,-66,-82,-82,-50,22
IT,Italy,Lombardy,IT-25,5/4/20,-64,-31,-20,-65,-49,21
IT,Italy,Lombardy,IT-25,5/5/20,-65,-31,-17,-66,-49,23
IT,Italy,Lombardy,IT-25,5/6/20,-66,-32,-24,-66,-48,23
IT,Italy,Lombardy,IT-25,5/7/20,-64,-31,-15,-65,-48,23
IT,Italy,Lombardy,IT-25,5/8/20,-65,-28,-20,-65,-48,24
IT,Italy,Lombardy,IT-25,5/9/20,-67,-35,-15,-57,-43,17
IT,Italy,Lombardy,IT-25,5/10/20,-76,-56,-39,-64,-29,14
IT,Italy,Lombardy,IT-25,5/11/20,-68,-42,-66,-72,-47,23
IT,Italy,Lombardy,IT-25,5/12/20,-61,-28,-21,-64,-46,22
IT,Italy,Lombardy,IT-25,5/13/20,-67,-34,-57,-69,-46,23
IT,Italy,Lombardy,IT-25,5/14/20,-61,-27,-18,-63,-45,21
IT,Italy,Lombardy,IT-25,5/15/20,-64,-29,-41,-66,-46,24
IT,Italy,Lombardy,IT-25,5/16/20,-65,-34,-30,-58,-37,17
IT,Italy,Lombardy,IT-25,5/17/20,-70,-51,-17,-58,-22,13
IT,Italy,Lombardy,IT-25,5/18/20,-42,-24,9,-56,-40,17
IT,Italy,Lombardy,IT-25,5/19/20,-46,-23,-23,-59,-41,19
IT,Italy,Lombardy,IT-25,5/20/20,-41,-19,25,-53,-39,17
IT,Italy,Lombardy,IT-25,5/21/20,-40,-18,19,-54,-41,17
IT,Italy,Lombardy,IT-25,5/22/20,-41,-17,17,-54,-39,18
IT,Italy,Lombardy,IT-25,5/23/20,-43,-23,15,-43,-26,11
IT,Italy,Lombardy,IT-25,5/24/20,-43,-34,34,-40,-9,7
IT,Italy,Lombardy,IT-25,5/25/20,-37,-22,24,-54,-39,15
IT,Italy,Lombardy,IT-25,5/26/20,-36,-18,35,-52,-37,15
IT,Italy,Lombardy,IT-25,5/27/20,-36,-16,33,-51,-37,15
IT,Italy,Lombardy,IT-25,5/28/20,-36,-16,25,-52,-37,15
IT,Italy,Lombardy,IT-25,5/29/20,-36,-14,22,-51,-37,16
IT,Italy,Lombardy,IT-25,5/30/20,-35,-18,39,-35,-21,8
IT,Italy,Lombardy,IT-25,5/31/20,-37,-28,38,-37,-1,6
IT,Italy,Lombardy,IT-25,6/1/20,-16,1,109,-44,-53,14
IT,Italy,Lombardy,IT-25,6/2/20,-35,-36,184,-54,-77,22
IT,Italy,Lombardy,IT-25,6/3/20,-37,-15,1,-49,-35,14
IT,Italy,Lombardy,IT-25,6/4/20,-42,-21,-57,-58,-38,17
IT,Italy,Lombardy,IT-25,6/5/20,-28,-12,38,-46,-35,12
IT,Italy,Lombardy,IT-25,6/6/20,-30,-19,40,-35,-19,6
IT,Italy,Lombardy,IT-25,6/7/20,-46,-33,-62,-58,-8,9
IT,Italy,Lombardy,IT-25,6/8/20,-32,-22,-23,-53,-35,13
IT,Italy,Lombardy,IT-25,6/9/20,-27,-16,14,-48,-34,12
IT,Italy,Lombardy,IT-25,6/10/20,-29,-15,-6,-49,-33,13
IT,Italy,Lombardy,IT-25,6/11/20,-25,-13,-3,-49,-34,13
IT,Italy,Lombardy,IT-25,6/12/20,-24,-13,42,-44,-34,11
IT,Italy,Lombardy,IT-25,6/13/20,-29,-20,38,-35,-16,5
IT,Italy,Lombardy,IT-25,6/14/20,-27,-24,34,-34,5,2
IT,Italy,Lombardy,IT-25,6/15/20,-25,-19,27,-46,-32,10
IT,Italy,Lombardy,IT-25,6/16/20,-21,-13,39,-44,-31,11
IT,Italy,Lombardy,IT-25,6/17/20,-24,-13,13,-46,-32,11
IT,Italy,Lombardy,IT-25,6/18/20,-22,-15,33,-44,-32,10
IT,Italy,Lombardy,IT-25,6/19/20,-22,-14,36,-43,-33,9
IT,Italy,Lombardy,IT-25,6/20/20,-23,-18,80,-27,-13,1
IT,Italy,Lombardy,IT-25,6/21/20,-27,-26,58,-28,6,-2
IT,Italy,Lombardy,IT-25,6/22/20,-22,-17,51,-43,-33,8
IT,Italy,Lombardy,IT-25,6/23/20,-18,-12,72,-41,-32,8
IT,Italy,Lombardy,IT-25,6/24/20,-20,-12,55,-41,-30,8
IT,Italy,Lombardy,IT-25,6/25/20,-20,-12,38,-42,-31,8
IT,Italy,Lombardy,IT-25,6/26/20,-21,-13,47,-41,-32,7
IT,Italy,Lombardy,IT-25,6/27/20,-25,-19,62,-28,-16,0
IT,Italy,Lombardy,IT-25,6/28/20,-29,-26,39,-31,10,-3
IT,Italy,Lombardy,IT-25,6/29/20,-20,-15,46,-43,-31,7
IT,Italy,Lombardy,IT-25,6/30/20,-16,-12,62,-41,-30,7
IT,Italy,Lombardy,IT-25,7/1/20,-18,-10,31,-41,-29,7
IT,Italy,Lombardy,IT-25,7/2/20,-18,-13,34,-42,-30,7
IT,Italy,Lombardy,IT-25,7/3/20,-25,-17,4,-44,-32,9
IT,Italy,Lombardy,IT-25,7/4/20,-23,-18,65,-27,-15,-1
IT,Italy,Lombardy,IT-25,7/5/20,-28,-24,41,-29,5,-4
IT,Italy,Lombardy,IT-25,7/6/20,-21,-16,42,-42,-32,6
IT,Italy,Lombardy,IT-25,7/7/20,-15,-11,66,-39,-30,6
IT,Italy,Lombardy,IT-25,7/8/20,-17,-13,58,-40,-29,6
IT,Italy,Lombardy,IT-25,7/9/20,-18,-14,49,-41,-29,6
IT,Italy,Lombardy,IT-25,7/10/20,-20,-15,46,-40,-31,5
IT,Italy,Lombardy,IT-25,7/11/20,-25,-20,34,-31,-15,1
IT,Italy,Lombardy,IT-25,7/12/20,-26,-24,43,-27,9,-4
IT,Italy,Lombardy,IT-25,7/13/20,-19,-15,43,-41,-31,5
IT,Italy,Lombardy,IT-25,7/14/20,-15,-12,64,-39,-30,6
IT,Italy,Lombardy,IT-25,7/15/20,-17,-13,36,-41,-28,6
IT,Italy,Lombardy,IT-25,7/16/20,-15,-14,51,-40,-29,5
IT,Italy,Lombardy,IT-25,7/17/20,-19,-15,44,-40,-30,5
IT,Italy,Lombardy,IT-25,7/18/20,-23,-21,69,-26,-13,-2
IT,Italy,Lombardy,IT-25,7/19/20,-26,-24,44,-27,10,-5
IT,Italy,Lombardy,IT-25,7/20/20,-19,-16,51,-41,-31,4
IT,Italy,Lombardy,IT-25,7/21/20,-16,-14,70,-40,-30,5
IT,Italy,Piedmont,IT-21,2/15/20,1,0,23,4,0,-1
IT,Italy,Piedmont,IT-21,2/16/20,1,0,5,7,1,-1
IT,Italy,Piedmont,IT-21,2/17/20,-1,1,3,0,0,0
IT,Italy,Piedmont,IT-21,2/18/20,2,0,22,3,0,0
IT,Italy,Piedmont,IT-21,2/19/20,1,0,15,0,0,0
IT,Italy,Piedmont,IT-21,2/20/20,2,1,23,4,0,0
IT,Italy,Piedmont,IT-21,2/21/20,1,1,25,5,0,0
IT,Italy,Piedmont,IT-21,2/22/20,-3,2,28,5,-3,0
IT,Italy,Piedmont,IT-21,2/23/20,-8,15,17,3,1,0
IT,Italy,Piedmont,IT-21,2/24/20,-6,23,31,-21,-21,5
IT,Italy,Piedmont,IT-21,2/25/20,-10,3,3,-26,-21,7
IT,Italy,Piedmont,IT-21,2/26/20,-14,-7,-12,-29,-19,8
IT,Italy,Piedmont,IT-21,2/27/20,-9,-4,-2,-26,-18,7
IT,Italy,Piedmont,IT-21,2/28/20,-8,-3,24,-22,-17,7
IT,Italy,Piedmont,IT-21,2/29/20,-12,-1,-8,-18,-7,5
IT,Italy,Piedmont,IT-21,3/1/20,-11,-2,3,-14,-3,3
IT,Italy,Piedmont,IT-21,3/2/20,-15,-10,-38,-29,-15,7
IT,Italy,Piedmont,IT-21,3/3/20,-2,1,21,-20,-14,5
IT,Italy,Piedmont,IT-21,3/4/20,-4,1,25,-21,-13,5
IT,Italy,Piedmont,IT-21,3/5/20,-14,-3,-23,-27,-15,7
IT,Italy,Piedmont,IT-21,3/6/20,-13,0,4,-25,-15,8
IT,Italy,Piedmont,IT-21,3/7/20,-15,2,26,-17,-8,5
IT,Italy,Piedmont,IT-21,3/8/20,-34,5,-2,-25,-8,6
IT,Italy,Piedmont,IT-21,3/9/20,-31,-2,-19,-42,-24,12
IT,Italy,Piedmont,IT-21,3/10/20,-43,-7,-21,-51,-30,16
IT,Italy,Piedmont,IT-21,3/11/20,-50,-14,-19,-56,-35,19
IT,Italy,Piedmont,IT-21,3/12/20,-69,-23,-57,-66,-44,24
IT,Italy,Piedmont,IT-21,3/13/20,-73,-26,-51,-69,-50,28
IT,Italy,Piedmont,IT-21,3/14/20,-84,-44,-77,-75,-55,26
IT,Italy,Piedmont,IT-21,3/15/20,-90,-61,-78,-80,-52,22
IT,Italy,Piedmont,IT-21,3/16/20,-73,-35,-58,-73,-56,27
IT,Italy,Piedmont,IT-21,3/17/20,-75,-38,-56,-73,-59,29
IT,Italy,Piedmont,IT-21,3/18/20,-77,-42,-61,-75,-60,30
IT,Italy,Piedmont,IT-21,3/19/20,-77,-41,-65,-76,-61,31
IT,Italy,Piedmont,IT-21,3/20/20,-79,-37,-71,-76,-62,33
IT,Italy,Piedmont,IT-21,3/21/20,-86,-51,-82,-79,-59,26
IT,Italy,Piedmont,IT-21,3/22/20,-94,-82,-91,-86,-59,24
IT,Italy,Piedmont,IT-21,3/23/20,-80,-45,-79,-81,-69,33
IT,Italy,Piedmont,IT-21,3/24/20,-81,-46,-77,-80,-70,34
IT,Italy,Piedmont,IT-21,3/25/20,-82,-49,-80,-81,-70,35
IT,Italy,Piedmont,IT-21,3/26/20,-83,-49,-80,-82,-73,36
IT,Italy,Piedmont,IT-21,3/27/20,-83,-45,-80,-81,-72,38
IT,Italy,Piedmont,IT-21,3/28/20,-87,-54,-83,-80,-62,27
IT,Italy,Piedmont,IT-21,3/29/20,-94,-82,-89,-85,-59,23
IT,Italy,Piedmont,IT-21,3/30/20,-82,-47,-79,-80,-71,34
IT,Italy,Piedmont,IT-21,3/31/20,-90,-42,-77,-79,-71,34
IT,Italy,Piedmont,IT-21,4/1/20,-90,-40,-75,-78,-70,34
IT,Italy,Piedmont,IT-21,4/2/20,-89,-39,-73,-78,-70,35
IT,Italy,Piedmont,IT-21,4/3/20,-85,-36,-74,-78,-70,37
IT,Italy,Piedmont,IT-21,4/4/20,-89,-49,-82,-78,-61,27
IT,Italy,Piedmont,IT-21,4/5/20,-95,-80,-88,-85,-59,23
IT,Italy,Piedmont,IT-21,4/6/20,-82,-38,-73,-77,-67,32
IT,Italy,Piedmont,IT-21,4/7/20,-81,-36,-72,-77,-68,33
IT,Italy,Piedmont,IT-21,4/8/20,-81,-36,-73,-77,-67,33
IT,Italy,Piedmont,IT-21,4/9/20,-80,-31,-72,-77,-67,33
IT,Italy,Piedmont,IT-21,4/10/20,-80,-25,-72,-76,-68,35
IT,Italy,Piedmont,IT-21,4/11/20,-85,-42,-81,-76,-59,26
IT,Italy,Piedmont,IT-21,4/12/20,-96,-90,-90,-86,-61,24
IT,Italy,Piedmont,IT-21,4/13/20,-96,-95,-83,-90,-91,41
IT,Italy,Piedmont,IT-21,4/14/20,-80,-37,-73,-76,-65,31
IT,Italy,Piedmont,IT-21,4/15/20,-80,-37,-73,-76,-64,32
IT,Italy,Piedmont,IT-21,4/16/20,-79,-35,-72,-75,-64,32
IT,Italy,Piedmont,IT-21,4/17/20,-79,-33,-71,-75,-64,34
IT,Italy,Piedmont,IT-21,4/18/20,-85,-51,-80,-76,-55,26
IT,Italy,Piedmont,IT-21,4/19/20,-95,-81,-89,-85,-55,23
IT,Italy,Piedmont,IT-21,4/20/20,-81,-53,-81,-80,-63,31
IT,Italy,Piedmont,IT-21,4/21/20,-80,-48,-78,-78,-63,32
IT,Italy,Piedmont,IT-21,4/22/20,-78,-43,-70,-74,-61,30
IT,Italy,Piedmont,IT-21,4/23/20,-77,-39,-69,-74,-61,31
IT,Italy,Piedmont,IT-21,4/24/20,-76,-29,-65,-72,-60,32
IT,Italy,Piedmont,IT-21,4/25/20,-95,-95,-84,-84,-72,29
IT,Italy,Piedmont,IT-21,4/26/20,-92,-65,-87,-81,-50,22
IT,Italy,Piedmont,IT-21,4/27/20,-74,-38,-72,-74,-59,28
IT,Italy,Piedmont,IT-21,4/28/20,-78,-44,-75,-76,-60,29
IT,Italy,Piedmont,IT-21,4/29/20,-75,-36,-65,-71,-58,28
IT,Italy,Piedmont,IT-21,4/30/20,-72,-26,-68,-71,-58,28
IT,Italy,Piedmont,IT-21,5/1/20,-95,-94,-79,-88,-88,44
IT,Italy,Piedmont,IT-21,5/2/20,-80,-40,-73,-71,-50,24
IT,Italy,Piedmont,IT-21,5/3/20,-91,-69,-79,-77,-44,21
IT,Italy,Piedmont,IT-21,5/4/20,-61,-28,-15,-58,-46,19
IT,Italy,Piedmont,IT-21,5/5/20,-62,-29,-17,-58,-47,21
IT,Italy,Piedmont,IT-21,5/6/20,-63,-30,-19,-58,-46,21
IT,Italy,Piedmont,IT-21,5/7/20,-62,-29,-14,-58,-46,21
IT,Italy,Piedmont,IT-21,5/8/20,-63,-26,-19,-58,-46,23
IT,Italy,Piedmont,IT-21,5/9/20,-67,-34,-24,-52,-36,16
IT,Italy,Piedmont,IT-21,5/10/20,-79,-59,-52,-62,-27,15
IT,Italy,Piedmont,IT-21,5/11/20,-62,-36,-47,-62,-45,21
IT,Italy,Piedmont,IT-21,5/12/20,-58,-27,-19,-55,-43,20
IT,Italy,Piedmont,IT-21,5/13/20,-65,-36,-62,-65,-44,22
IT,Italy,Piedmont,IT-21,5/14/20,-58,-25,-16,-55,-43,19
IT,Italy,Piedmont,IT-21,5/15/20,-60,-25,-26,-57,-43,22
IT,Italy,Piedmont,IT-21,5/16/20,-66,-33,-53,-57,-32,17
IT,Italy,Piedmont,IT-21,5/17/20,-72,-54,-23,-53,-21,13
IT,Italy,Piedmont,IT-21,5/18/20,-42,-22,16,-46,-38,15
IT,Italy,Piedmont,IT-21,5/19/20,-45,-18,-1,-48,-39,16
IT,Italy,Piedmont,IT-21,5/20/20,-43,-18,28,-46,-38,15
IT,Italy,Piedmont,IT-21,5/21/20,-43,-15,19,-45,-38,16
IT,Italy,Piedmont,IT-21,5/22/20,-46,-14,21,-45,-37,17
IT,Italy,Piedmont,IT-21,5/23/20,-44,-20,-2,-36,-19,9
IT,Italy,Piedmont,IT-21,5/24/20,-45,-36,30,-29,-7,5
IT,Italy,Piedmont,IT-21,5/25/20,-34,-19,28,-43,-36,13
IT,Italy,Piedmont,IT-21,5/26/20,-34,-15,28,-43,-35,13
IT,Italy,Piedmont,IT-21,5/27/20,-34,-14,26,-43,-34,13
IT,Italy,Piedmont,IT-21,5/28/20,-34,-14,25,-42,-35,13
IT,Italy,Piedmont,IT-21,5/29/20,-36,-11,16,-42,-35,15
IT,Italy,Piedmont,IT-21,5/30/20,-36,-16,25,-27,-14,6
IT,Italy,Piedmont,IT-21,5/31/20,-40,-30,22,-27,-1,5
IT,Italy,Piedmont,IT-21,6/1/20,-16,2,74,-35,-49,12
IT,Italy,Piedmont,IT-21,6/2/20,-35,-41,129,-48,-75,18
IT,Italy,Piedmont,IT-21,6/3/20,-34,-13,-7,-40,-33,12
IT,Italy,Piedmont,IT-21,6/4/20,-35,-12,-36,-44,-35,14
IT,Italy,Piedmont,IT-21,6/5/20,-26,-10,42,-34,-32,11
IT,Italy,Piedmont,IT-21,6/6/20,-27,-15,29,-23,-12,4
IT,Italy,Piedmont,IT-21,6/7/20,-39,-29,-29,-38,-4,6
IT,Italy,Piedmont,IT-21,6/8/20,-32,-22,-25,-44,-33,12
IT,Italy,Piedmont,IT-21,6/9/20,-29,-17,-19,-43,-33,12
IT,Italy,Piedmont,IT-21,6/10/20,-23,-12,10,-38,-31,10
IT,Italy,Piedmont,IT-21,6/11/20,-25,-14,-22,-43,-32,12
IT,Italy,Piedmont,IT-21,6/12/20,-26,-12,-2,-40,-32,11
IT,Italy,Piedmont,IT-21,6/13/20,-30,-17,-14,-32,-11,6
IT,Italy,Piedmont,IT-21,6/14/20,-20,-24,59,-12,6,-1
IT,Italy,Piedmont,IT-21,6/15/20,-19,-16,34,-34,-30,8
IT,Italy,Piedmont,IT-21,6/16/20,-21,-13,11,-37,-30,9
IT,Italy,Piedmont,IT-21,6/17/20,-22,-13,-2,-38,-30,10
IT,Italy,Piedmont,IT-21,6/18/20,-18,-11,17,-35,-30,9
IT,Italy,Piedmont,IT-21,6/19/20,-16,-8,60,-29,-30,7
IT,Italy,Piedmont,IT-21,6/20/20,-20,-13,55,-17,-7,0
IT,Italy,Piedmont,IT-21,6/21/20,-22,-26,56,-12,6,-4
IT,Italy,Piedmont,IT-21,6/22/20,-17,-14,47,-32,-31,6
IT,Italy,Piedmont,IT-21,6/23/20,-14,-9,57,-29,-30,6
IT,Italy,Piedmont,IT-21,6/24/20,-13,-13,62,-37,-35,7
IT,Italy,Piedmont,IT-21,6/25/20,-16,-9,37,-31,-29,7
IT,Italy,Piedmont,IT-21,6/26/20,-19,-9,46,-29,-30,7
IT,Italy,Piedmont,IT-21,6/27/20,-23,-16,25,-21,-9,1
IT,Italy,Piedmont,IT-21,6/28/20,-22,-24,44,-12,9,-4
IT,Italy,Piedmont,IT-21,6/29/20,-15,-12,45,-31,-29,5
IT,Italy,Piedmont,IT-21,6/30/20,-12,-8,48,-30,-28,6
IT,Italy,Piedmont,IT-21,7/1/20,-14,-8,18,-33,-27,6
IT,Italy,Piedmont,IT-21,7/2/20,-14,-9,35,-29,-28,6
IT,Italy,Piedmont,IT-21,7/3/20,-22,-13,10,-33,-29,7
IT,Italy,Piedmont,IT-21,7/4/20,-18,-12,52,-16,-8,-2
IT,Italy,Piedmont,IT-21,7/5/20,-21,-23,49,-12,6,-6
IT,Italy,Piedmont,IT-21,7/6/20,-15,-12,45,-30,-30,4
IT,Italy,Piedmont,IT-21,7/7/20,-11,-7,50,-29,-29,4
IT,Italy,Piedmont,IT-21,7/8/20,-13,-10,50,-30,-27,4
IT,Italy,Piedmont,IT-21,7/9/20,-13,-10,50,-28,-27,4
IT,Italy,Piedmont,IT-21,7/10/20,-18,-11,37,-29,-29,5
IT,Italy,Piedmont,IT-21,7/11/20,-20,-14,39,-18,-7,-1
IT,Italy,Piedmont,IT-21,7/12/20,-20,-21,41,-11,8,-5
IT,Italy,Piedmont,IT-21,7/13/20,-14,-11,44,-30,-29,4
IT,Italy,Piedmont,IT-21,7/14/20,-12,-10,49,-30,-28,4
IT,Italy,Piedmont,IT-21,7/15/20,-12,-10,32,-31,-26,5
IT,Italy,Piedmont,IT-21,7/16/20,-10,-10,52,-28,-27,3
IT,Italy,Piedmont,IT-21,7/17/20,-15,-11,52,-28,-28,4
IT,Italy,Piedmont,IT-21,7/18/20,-17,-14,46,-16,-7,-2
IT,Italy,Piedmont,IT-21,7/19/20,-20,-23,47,-9,10,-6
IT,Italy,Piedmont,IT-21,7/20/20,-14,-14,46,-30,-30,3
IT,Italy,Piedmont,IT-21,7/21/20,-12,-11,49,-30,-29,4
IT,Italy,Tuscany,IT-52,2/15/20,5,0,75,13,1,-2
IT,Italy,Tuscany,IT-52,2/16/20,4,2,30,11,1,-2
IT,Italy,Tuscany,IT-52,2/17/20,1,3,9,3,1,0
IT,Italy,Tuscany,IT-52,2/18/20,2,1,21,2,1,0
IT,Italy,Tuscany,IT-52,2/19/20,0,0,9,0,1,0
IT,Italy,Tuscany,IT-52,2/20/20,2,0,28,3,0,-1
IT,Italy,Tuscany,IT-52,2/21/20,2,1,28,6,0,-1
IT,Italy,Tuscany,IT-52,2/22/20,4,3,71,15,1,-2
IT,Italy,Tuscany,IT-52,2/23/20,1,11,20,9,0,0
IT,Italy,Tuscany,IT-52,2/24/20,3,25,20,0,0,0
IT,Italy,Tuscany,IT-52,2/25/20,0,12,32,-6,-1,1
IT,Italy,Tuscany,IT-52,2/26/20,-11,-5,-19,-15,-2,3
IT,Italy,Tuscany,IT-52,2/27/20,-10,-7,-17,-13,-1,3
IT,Italy,Tuscany,IT-52,2/28/20,-2,-1,21,-8,0,1
IT,Italy,Tuscany,IT-52,2/29/20,-5,-2,18,-7,1,1
IT,Italy,Tuscany,IT-52,3/1/20,-22,-11,-58,-30,-4,6
IT,Italy,Tuscany,IT-52,3/2/20,-11,-6,-34,-14,0,3
IT,Italy,Tuscany,IT-52,3/3/20,-7,-3,-18,-14,0,2
IT,Italy,Tuscany,IT-52,3/4/20,-4,1,0,-11,0,1
IT,Italy,Tuscany,IT-52,3/5/20,-14,-1,-27,-26,-13,7
IT,Italy,Tuscany,IT-52,3/6/20,-13,1,-9,-26,-14,7
IT,Italy,Tuscany,IT-52,3/7/20,-18,2,14,-23,-14,6
IT,Italy,Tuscany,IT-52,3/8/20,-23,-3,13,-21,-8,5
IT,Italy,Tuscany,IT-52,3/9/20,-28,-1,-34,-38,-19,10
IT,Italy,Tuscany,IT-52,3/10/20,-42,-4,-26,-45,-27,15
IT,Italy,Tuscany,IT-52,3/11/20,-51,-17,-31,-52,-34,18
IT,Italy,Tuscany,IT-52,3/12/20,-70,-24,-68,-64,-44,25
IT,Italy,Tuscany,IT-52,3/13/20,-74,-28,-65,-66,-50,28
IT,Italy,Tuscany,IT-52,3/14/20,-84,-45,-74,-72,-57,25
IT,Italy,Tuscany,IT-52,3/15/20,-90,-64,-82,-78,-54,23
IT,Italy,Tuscany,IT-52,3/16/20,-73,-37,-69,-69,-53,26
IT,Italy,Tuscany,IT-52,3/17/20,-76,-42,-69,-71,-57,28
IT,Italy,Tuscany,IT-52,3/18/20,-77,-44,-74,-72,-57,29
IT,Italy,Tuscany,IT-52,3/19/20,-78,-44,-75,-74,-59,31
IT,Italy,Tuscany,IT-52,3/20/20,-79,-42,-76,-74,-59,32
IT,Italy,Tuscany,IT-52,3/21/20,-86,-53,-84,-78,-61,27
IT,Italy,Tuscany,IT-52,3/22/20,-94,-84,-92,-85,-61,25
IT,Italy,Tuscany,IT-52,3/23/20,-78,-46,-82,-77,-65,32
IT,Italy,Tuscany,IT-52,3/24/20,-80,-48,-81,-77,-66,33
IT,Italy,Tuscany,IT-52,3/25/20,-82,-52,-84,-79,-68,34
IT,Italy,Tuscany,IT-52,3/26/20,-84,-53,-86,-81,-71,37
IT,Italy,Tuscany,IT-52,3/27/20,-82,-48,-83,-80,-70,37
IT,Italy,Tuscany,IT-52,3/28/20,-87,-55,-84,-79,-65,28
IT,Italy,Tuscany,IT-52,3/29/20,-94,-84,-91,-85,-62,25
IT,Italy,Tuscany,IT-52,3/30/20,-79,-47,-79,-77,-67,32
IT,Italy,Tuscany,IT-52,3/31/20,-90,-44,-79,-76,-69,34
IT,Italy,Tuscany,IT-52,4/1/20,-90,-41,-79,-74,-68,34
IT,Italy,Tuscany,IT-52,4/2/20,-89,-41,-78,-74,-68,35
IT,Italy,Tuscany,IT-52,4/3/20,-84,-40,-78,-76,-68,35
IT,Italy,Tuscany,IT-52,4/4/20,-89,-49,-84,-77,-63,28
IT,Italy,Tuscany,IT-52,4/5/20,-95,-81,-90,-84,-61,25
IT,Italy,Tuscany,IT-52,4/6/20,-81,-39,-78,-74,-65,31
IT,Italy,Tuscany,IT-52,4/7/20,-81,-40,-76,-74,-66,32
IT,Italy,Tuscany,IT-52,4/8/20,-81,-39,-78,-74,-65,32
IT,Italy,Tuscany,IT-52,4/9/20,-80,-33,-78,-73,-66,33
IT,Italy,Tuscany,IT-52,4/10/20,-80,-29,-76,-73,-66,34
IT,Italy,Tuscany,IT-52,4/11/20,-85,-44,-82,-75,-62,27
IT,Italy,Tuscany,IT-52,4/12/20,-96,-95,-92,-87,-66,26
IT,Italy,Tuscany,IT-52,4/13/20,-96,-95,-88,-89,-91,41
IT,Italy,Tuscany,IT-52,4/14/20,-79,-39,-76,-73,-64,31
IT,Italy,Tuscany,IT-52,4/15/20,-79,-39,-77,-72,-63,32
IT,Italy,Tuscany,IT-52,4/16/20,-78,-39,-76,-72,-63,32
IT,Italy,Tuscany,IT-52,4/17/20,-78,-37,-75,-72,-62,33
IT,Italy,Tuscany,IT-52,4/18/20,-84,-50,-81,-74,-57,26
IT,Italy,Tuscany,IT-52,4/19/20,-93,-81,-90,-83,-56,24
IT,Italy,Tuscany,IT-52,4/20/20,-78,-45,-82,-76,-61,30
IT,Italy,Tuscany,IT-52,4/21/20,-79,-42,-79,-74,-61,31
IT,Italy,Tuscany,IT-52,4/22/20,-78,-41,-79,-73,-60,31
IT,Italy,Tuscany,IT-52,4/23/20,-77,-37,-73,-70,-59,31
IT,Italy,Tuscany,IT-52,4/24/20,-74,-27,-71,-69,-59,30
IT,Italy,Tuscany,IT-52,4/25/20,-94,-94,-83,-81,-74,30
IT,Italy,Tuscany,IT-52,4/26/20,-90,-61,-86,-78,-48,22
IT,Italy,Tuscany,IT-52,4/27/20,-70,-31,-70,-68,-55,27
IT,Italy,Tuscany,IT-52,4/28/20,-76,-39,-76,-71,-58,28
IT,Italy,Tuscany,IT-52,4/29/20,-74,-35,-74,-69,-56,29
IT,Italy,Tuscany,IT-52,4/30/20,-70,-25,-70,-67,-55,28
IT,Italy,Tuscany,IT-52,5/1/20,-91,-91,-57,-80,-87,41
IT,Italy,Tuscany,IT-52,5/2/20,-75,-36,-54,-63,-51,23
IT,Italy,Tuscany,IT-52,5/3/20,-83,-62,-57,-65,-41,20
IT,Italy,Tuscany,IT-52,5/4/20,-57,-25,-29,-52,-43,18
IT,Italy,Tuscany,IT-52,5/5/20,-60,-27,-32,-53,-44,20
IT,Italy,Tuscany,IT-52,5/6/20,-61,-28,-34,-53,-43,20
IT,Italy,Tuscany,IT-52,5/7/20,-60,-27,-26,-53,-43,21
IT,Italy,Tuscany,IT-52,5/8/20,-60,-27,-23,-53,-43,21
IT,Italy,Tuscany,IT-52,5/9/20,-65,-32,-22,-47,-40,16
IT,Italy,Tuscany,IT-52,5/10/20,-72,-53,-40,-53,-28,14
IT,Italy,Tuscany,IT-52,5/11/20,-57,-29,-49,-57,-40,19
IT,Italy,Tuscany,IT-52,5/12/20,-57,-27,-31,-53,-40,20
IT,Italy,Tuscany,IT-52,5/13/20,-58,-28,-36,-52,-39,19
IT,Italy,Tuscany,IT-52,5/14/20,-57,-26,-26,-51,-39,18
IT,Italy,Tuscany,IT-52,5/15/20,-59,-24,-33,-54,-40,20
IT,Italy,Tuscany,IT-52,5/16/20,-63,-29,-30,-49,-35,16
IT,Italy,Tuscany,IT-52,5/17/20,-67,-49,-22,-49,-20,12
IT,Italy,Tuscany,IT-52,5/18/20,-41,-20,-30,-48,-34,15
IT,Italy,Tuscany,IT-52,5/19/20,-43,-21,-26,-48,-35,16
IT,Italy,Tuscany,IT-52,5/20/20,-40,-19,-18,-45,-34,16
IT,Italy,Tuscany,IT-52,5/21/20,-38,-18,7,-41,-34,14
IT,Italy,Tuscany,IT-52,5/22/20,-39,-17,18,-41,-34,14
IT,Italy,Tuscany,IT-52,5/23/20,-40,-20,39,-29,-25,7
IT,Italy,Tuscany,IT-52,5/24/20,-45,-34,5,-35,-11,5
IT,Italy,Tuscany,IT-52,5/25/20,-32,-17,6,-41,-32,12
IT,Italy,Tuscany,IT-52,5/26/20,-33,-17,21,-38,-31,12
IT,Italy,Tuscany,IT-52,5/27/20,-34,-15,9,-38,-31,12
IT,Italy,Tuscany,IT-52,5/28/20,-34,-14,10,-39,-31,12
IT,Italy,Tuscany,IT-52,5/29/20,-36,-13,-4,-42,-32,14
IT,Italy,Tuscany,IT-52,5/30/20,-36,-16,47,-25,-19,6
IT,Italy,Tuscany,IT-52,5/31/20,-39,-27,21,-30,-1,4
IT,Italy,Tuscany,IT-52,6/1/20,-16,2,69,-32,-43,10
IT,Italy,Tuscany,IT-52,6/2/20,-38,-50,139,-37,-74,15
IT,Italy,Tuscany,IT-52,6/3/20,-29,-10,9,-31,-28,9
IT,Italy,Tuscany,IT-52,6/4/20,-36,-14,-33,-40,-31,13
IT,Italy,Tuscany,IT-52,6/5/20,-27,-12,21,-33,-29,10
IT,Italy,Tuscany,IT-52,6/6/20,-26,-16,67,-18,-18,3
IT,Italy,Tuscany,IT-52,6/7/20,-33,-24,5,-28,1,3
IT,Italy,Tuscany,IT-52,6/8/20,-23,-14,9,-35,-28,10
IT,Italy,Tuscany,IT-52,6/9/20,-24,-15,23,-32,-28,9
IT,Italy,Tuscany,IT-52,6/10/20,-27,-17,-12,-37,-29,11
IT,Italy,Tuscany,IT-52,6/11/20,-21,-10,14,-32,-28,9
IT,Italy,Tuscany,IT-52,6/12/20,-20,-12,61,-27,-28,7
IT,Italy,Tuscany,IT-52,6/13/20,-27,-15,39,-23,-15,4
IT,Italy,Tuscany,IT-52,6/14/20,-26,-20,21,-26,5,2
IT,Italy,Tuscany,IT-52,6/15/20,-17,-12,36,-29,-26,6
IT,Italy,Tuscany,IT-52,6/16/20,-17,-12,52,-28,-26,7
IT,Italy,Tuscany,IT-52,6/17/20,-18,-11,34,-28,-27,8
IT,Italy,Tuscany,IT-52,6/18/20,-16,-11,52,-25,-26,6
IT,Italy,Tuscany,IT-52,6/19/20,-15,-9,81,-21,-26,5
IT,Italy,Tuscany,IT-52,6/20/20,-19,-14,117,-7,-12,-1
IT,Italy,Tuscany,IT-52,6/21/20,-22,-19,55,-11,9,-4
IT,Italy,Tuscany,IT-52,6/22/20,-12,-8,71,-24,-26,5
IT,Italy,Tuscany,IT-52,6/23/20,-12,-8,90,-21,-26,4
IT,Italy,Tuscany,IT-52,6/24/20,-13,-10,81,-23,-30,5
IT,Italy,Tuscany,IT-52,6/25/20,-13,-7,76,-21,-25,4
IT,Italy,Tuscany,IT-52,6/26/20,-13,-7,105,-17,-26,4
IT,Italy,Tuscany,IT-52,6/27/20,-18,-12,134,-3,-14,-3
IT,Italy,Tuscany,IT-52,6/28/20,-21,-17,65,-6,12,-6
IT,Italy,Tuscany,IT-52,6/29/20,-7,-4,90,-20,-24,3
IT,Italy,Tuscany,IT-52,6/30/20,-9,-8,90,-21,-23,3
IT,Italy,Tuscany,IT-52,7/1/20,-10,-6,73,-20,-24,3
IT,Italy,Tuscany,IT-52,7/2/20,-10,-7,79,-21,-24,4
IT,Italy,Tuscany,IT-52,7/3/20,-11,-6,95,-18,-25,3
IT,Italy,Tuscany,IT-52,7/4/20,-15,-12,129,-5,-13,-2
IT,Italy,Tuscany,IT-52,7/5/20,-19,-15,68,-9,11,-6
IT,Italy,Tuscany,IT-52,7/6/20,-6,-4,99,-20,-25,2
IT,Italy,Tuscany,IT-52,7/7/20,-6,-5,111,-19,-25,3
IT,Italy,Tuscany,IT-52,7/8/20,-9,-7,94,-20,-23,2
IT,Italy,Tuscany,IT-52,7/9/20,-9,-7,98,-19,-24,2
IT,Italy,Tuscany,IT-52,7/10/20,-10,-6,123,-16,-25,2
IT,Italy,Tuscany,IT-52,7/11/20,-16,-13,145,-3,-12,-4
IT,Italy,Tuscany,IT-52,7/12/20,-17,-13,74,-5,14,-6
IT,Italy,Tuscany,IT-52,7/13/20,-4,-2,110,-17,-24,2
IT,Italy,Tuscany,IT-52,7/14/20,-4,-5,128,-17,-24,2
IT,Italy,Tuscany,IT-52,7/15/20,-6,-6,93,-20,-23,3
IT,Italy,Tuscany,IT-52,7/16/20,-4,-6,108,-18,-23,2
IT,Italy,Tuscany,IT-52,7/17/20,-6,-4,124,-16,-24,2
IT,Italy,Tuscany,IT-52,7/18/20,-11,-10,152,1,-12,-3
IT,Italy,Tuscany,IT-52,7/19/20,-14,-12,83,-3,17,-7
IT,Italy,Tuscany,IT-52,7/20/20,-2,-2,125,-17,-24,1
IT,Italy,Tuscany,IT-52,7/21/20,-3,-6,144,-18,-24,1